stage,RH,direction,best_model,delta_BIC_runner_up,parameters_plus_minus_SE,Avrami_n,component_weights,end_dm_dt,flags
1,0.0,baseline,HYP_SE,110.4866721624312,M_eq1=-1.6126 ± 0.033; k1=0.072361 ± 0.0015; M_eq2=-2.0987 ± 0.045; k2=0.0086939 ± 0.00016; n=0.64817 ± 0.014,0.6481704036983257,w1=0.435; w2=0.565,-0.0016,
2,10.0,sorption,SE2,40.92764350686866,M_eq1=1.7053 ± 0.27; k1=0.31185 ± 0.0049; n1=1.3996 ± 0.11; M_eq2=1.0224 ± 0.28; k2=0.088122 ± 0.023; n2=0.92486 ± 0.16,n1=1.4; n2=0.9249,w1=0.625; w2=0.375,0.0011,components_not_interpretable
3,20.0,sorption,HYP_SE,78.47345134782029,M_eq1=0.85561 ± 0.028; k1=0.38176 ± 0.027; M_eq2=0.24188 ± 0.043; k2=0.019177 ± 0.0013; n=1.0999 ± 0.18,1.0998867122865608,w1=0.780; w2=0.220,0.0002,poorly_identifiable
4,30.0,sorption,SE2,48.64448477234487,M_eq1=0.24574 ± 0.03; k1=0.34126 ± 0.012; n1=2.056 ± 0.32; M_eq2=0.98538 ± 0.05; k2=0.020485 ± 0.00073; n2=0.62983 ± 0.037,n1=2.056; n2=0.6298,w1=0.200; w2=0.800,0.0015,poorly_identifiable
5,40.0,sorption,HYP_SE,84.47024759723945,M_eq1=0.4145 ± 0.026; k1=0.71045 ± 0.1; M_eq2=2.9375 ± 0.029; k2=0.013219 ± 7.6e-05; n=0.95022 ± 0.0083,0.9502202218957317,w1=0.124; w2=0.876,0.001,poorly_identifiable
6,50.0,sorption,SE2,122.54546207305549,M_eq1=2.6185 ± 0.34; k1=0.24074 ± 0.0049; n1=1.2259 ± 0.027; M_eq2=0.81032 ± 0.34; k2=0.082732 ± 0.025; n2=1.146 ± 0.23,n1=1.226; n2=1.146,w1=0.764; w2=0.236,0.0,components_not_interpretable
7,60.0,sorption,SE2,107.45605849140082,M_eq1=2.6264 ± 0.48; k1=0.30229 ± 0.0056; n1=1.6351 ± 0.12; M_eq2=2.2479 ± 0.49; k2=0.10323 ± 0.017; n2=1.212 ± 0.16,n1=1.635; n2=1.212,w1=0.539; w2=0.461,-0.0002,components_not_interpretable
8,70.0,sorption,SE2,108.95571792274131,M_eq1=4.5306 ± 1.9; k1=0.19571 ± 0.0066; n1=1.2766 ± 0.14; M_eq2=2.9076 ± 1.9; k2=0.075374 ± 0.036; n2=1.0658 ± 0.28,n1=1.277; n2=1.066,w1=0.609; w2=0.391,-0.0017,components_not_interpretable; parameter_undetermined
9,80.0,sorption,SE2,175.1670164299485,M_eq1=7.054 ± 1.4; k1=0.11639 ± 0.0031; n1=1.6399 ± 0.13; M_eq2=5.4962 ± 1.4; k2=0.039059 ± 0.0078; n2=1.2239 ± 0.19,n1=1.64; n2=1.224,w1=0.562; w2=0.438,0.0006,components_not_interpretable
10,90.0,sorption,SE2,309.5022330796096,M_eq1=13.419 ± 3.3; k1=0.055279 ± 0.0026; n1=1.3406 ± 0.089; M_eq2=17.47 ± 3.3; k2=0.017343 ± 0.0025; n2=1.1507 ± 0.11,n1=1.341; n2=1.151,w1=0.434; w2=0.566,-0.0036,truncated; selection_provisional; components_not_interpretable
11,80.0,desorption,SE2,446.73367499636424,M_eq1=-22.147 ± 3.2; k1=0.053119 ± 0.00068; n1=1.6566 ± 0.061; M_eq2=-8.5497 ± 3.2; k2=0.023901 ± 0.0052; n2=1.3977 ± 0.23,n1=1.657; n2=1.398,w1=0.721; w2=0.279,-0.0004,components_not_interpretable
12,70.0,desorption,HYP_SE,42.362318051244074,M_eq1=-1.54 ± 0.084; k1=0.013958 ± 0.00088; M_eq2=-11.36 ± 0.091; k2=0.10416 ± 0.00057; n=1.3323 ± 0.011,1.3323348471210819,w1=0.119; w2=0.881,0.0004,poorly_identifiable
13,60.0,desorption,SE2,6.7744063636596366,M_eq1=-5.6721 ± 0.7; k1=0.16509 ± 0.003; n1=1.6017 ± 0.12; M_eq2=-1.7095 ± 0.7; k2=0.052119 ± 0.021; n2=0.91934 ± 0.22,n1=1.602; n2=0.9193,w1=0.768; w2=0.232,-0.0005,components_not_interpretable
14,50.0,desorption,SE2,25.363552935839266,M_eq1=-3.5595 ± 0.47; k1=0.22744 ± 0.0034; n1=1.7544 ± 0.13; M_eq2=-1.2517 ± 0.47; k2=0.071431 ± 0.023; n2=1.0979 ± 0.28,n1=1.754; n2=1.098,w1=0.740; w2=0.260,-0.001,components_not_interpretable
15,40.0,desorption,HYP_SE,19.252862816328616,M_eq1=-1.3695 ± 0.15; k1=0.093725 ± 0.0089; M_eq2=-1.9081 ± 0.16; k2=0.29505 ± 0.004; n=1.8205 ± 0.12,1.8205071229557839,w1=0.418; w2=0.582,-0.0014,poorly_identifiable
16,30.0,desorption,HYP_SE,121.12197264973679,M_eq1=-3.5125 ± 0.16; k1=0.090357 ± 0.0018; M_eq2=1.5661 ± 0.16; k2=0.17081 ± 0.015; n=0.77543 ± 0.029,0.7754252957318674,w1=0.692; w2=0.308,-0.0011,components_not_interpretable
17,20.0,desorption,HYP_SE,14.417783494552054,M_eq1=-1.015 ± 0.0064; k1=0.39556 ± 0.0084; M_eq2=-0.16422 ± 0.014; k2=0.017367 ± 0.00082; n=1.6557 ± 0.14,1.655719379841828,w1=0.861; w2=0.139,-0.0018,
18,10.0,desorption,HYP_SE,55.32346906558223,M_eq1=-0.92535 ± 0.017; k1=0.40583 ± 0.016; M_eq2=-0.40786 ± 0.04; k2=0.011504 ± 0.0009; n=0.96724 ± 0.082,0.9672403547166398,w1=0.694; w2=0.306,-0.0009,poorly_identifiable
19,0.0,desorption,HYP_SE,98.14346944527733,M_eq1=-3.1551 ± 0.17; k1=0.020923 ± 0.0013; M_eq2=-1.4033 ± 0.19; k2=0.01002 ± 0.00065; n=0.86285 ± 0.081,0.862850878313069,w1=0.692; w2=0.308,-0.0005,poorly_identifiable
20,10.0,sorption,SE2,44.9011119074911,M_eq1=1.6914 ± 0.29; k1=0.25164 ± 0.005; n1=1.7471 ± 0.17; M_eq2=1.1518 ± 0.29; k2=0.072196 ± 0.016; n2=1.1049 ± 0.21,n1=1.747; n2=1.105,w1=0.595; w2=0.405,0.0,components_not_interpretable
21,20.0,sorption,HYP_SE,0.2729054968460787,M_eq1=1.1781 ± 0.14; k1=0.16224 ± 0.033; M_eq2=0.31556 ± 0.14; k2=0.031164 ± 0.0052; n=1.0703 ± 0.27,1.070302370289559,w1=0.789; w2=0.211,0.0006,poorly_identifiable
22,30.0,sorption,SE2,91.51888406662397,M_eq1=0.059265 ± 0.0094; k1=0.54138 ± 0.024; n1=3.7487 ± 1.5; M_eq2=1.5305 ± 0.012; k2=0.041507 ± 0.00031; n2=0.62547 ± 0.0057,n1=3.749; n2=0.6255,w1=0.037; w2=0.963,0.0016,poorly_identifiable
23,40.0,sorption,HYP_SE,40.67002095435123,M_eq1=1.3496 ± 0.022; k1=0.14283 ± 0.0058; M_eq2=1.0756 ± 0.019; k2=0.032858 ± 0.00014; n=1.7105 ± 0.02,1.7105484095185215,w1=0.556; w2=0.444,0.002,components_not_interpretable
24,50.0,sorption,SE2,25.778394762643757,M_eq1=2.3635 ± 0.73; k1=0.22601 ± 0.0065; n1=1.5933 ± 0.16; M_eq2=0.92167 ± 0.74; k2=0.083545 ± 0.047; n2=1.2622 ± 0.57,n1=1.593; n2=1.262,w1=0.719; w2=0.281,0.0012,components_not_interpretable; parameter_undetermined
25,60.0,sorption,SE2,73.26170902661295,M_eq1=2.9474 ± 1.1; k1=0.26814 ± 0.014; n1=1.6966 ± 0.23; M_eq2=1.9417 ± 1.1; k2=0.091334 ± 0.036; n2=1.3088 ± 0.44,n1=1.697; n2=1.309,w1=0.603; w2=0.397,-0.0007,components_not_interpretable; parameter_undetermined
26,70.0,sorption,SE2,311.0884069443654,M_eq1=3.8898 ± 0.67; k1=0.22301 ± 0.0032; n1=1.2838 ± 0.068; M_eq2=3.451 ± 0.67; k2=0.076969 ± 0.012; n2=1.0167 ± 0.091,n1=1.284; n2=1.017,w1=0.530; w2=0.470,0.0016,components_not_interpretable
27,80.0,sorption,SE2,380.91513202096894,M_eq1=5.8579 ± 0.74; k1=0.11947 ± 0.0016; n1=1.876 ± 0.12; M_eq2=6.5003 ± 0.74; k2=0.043008 ± 0.0037; n2=1.2477 ± 0.088,n1=1.876; n2=1.248,w1=0.474; w2=0.526,-0.0013,components_not_interpretable
28,90.0,sorption,SE2,322.36016557668427,M_eq1=20.786 ± 5.7; k1=0.039177 ± 0.0021; n1=1.1747 ± 0.066; M_eq2=9.6878 ± 5.7; k2=0.012448 ± 0.0056; n2=1.0697 ± 0.29,n1=1.175; n2=1.07,w1=0.682; w2=0.318,0.0075,truncated; selection_provisional; components_not_interpretable; parameter_undetermined
29,80.0,desorption,HYP_SE,192.58672450904123,M_eq1=-2.7238 ± 0.47; k1=0.008662 ± 0.00069; M_eq2=-27.46 ± 0.48; k2=0.046918 ± 0.00012; n=1.4358 ± 0.014,1.4357560847219275,w1=0.090; w2=0.910,0.0008,components_not_interpretable
30,70.0,desorption,SE2,73.52255760513435,M_eq1=-8.8855 ± 2; k1=0.11403 ± 0.0022; n1=1.6373 ± 0.14; M_eq2=-3.4561 ± 2; k2=0.044505 ± 0.019; n2=1.2227 ± 0.37,n1=1.637; n2=1.223,w1=0.720; w2=0.280,-0.0014,components_not_interpretable; parameter_undetermined
31,60.0,desorption,SE2,1.5343772708606593,M_eq1=-6.4678 ± 0.22; k1=0.15461 ± 0.0015; n1=1.5163 ± 0.034; M_eq2=-0.94225 ± 0.23; k2=0.027049 ± 0.0064; n2=1.0101 ± 0.22,n1=1.516; n2=1.01,w1=0.873; w2=0.127,-0.0002,components_not_interpretable
32,50.0,desorption,HYP_SE,23.07313038095367,M_eq1=-1.3088 ± 0.23; k1=0.069312 ± 0.0087; M_eq2=-3.6873 ± 0.24; k2=0.20997 ± 0.0023; n=1.6189 ± 0.071,1.6189037840360565,w1=0.262; w2=0.738,-0.0003,components_not_interpretable
33,40.0,desorption,HYP_SE,5.758003542347751,M_eq1=-0.66331 ± 0.012; k1=0.035342 ± 0.0051; M_eq2=-2.6065 ± 0.025; k2=0.32857 ± 0.0044; n=1.0367 ± 0.015,1.036666494712822,w1=0.203; w2=0.797,-0.0009,
34,30.0,desorption,HYP_SE,152.7484915645764,M_eq1=-0.81654 ± 0.016; k1=0.07084 ± 0.0034; M_eq2=-1.194 ± 0.021; k2=0.40811 ± 0.0063; n=1.2226 ± 0.025,1.2225953740862594,w1=0.406; w2=0.594,-0.0007,
35,20.0,desorption,SE2,88.61423549541041,M_eq1=-0.60991 ± 0.088; k1=0.32463 ± 0.0094; n1=1.5111 ± 0.17; M_eq2=-0.61159 ± 0.11; k2=0.034147 ± 0.0041; n2=0.72691 ± 0.15,n1=1.511; n2=0.7269,w1=0.499; w2=0.501,-0.0012,poorly_identifiable
36,10.0,desorption,HYP_SE,38.91160907091239,M_eq1=-0.93198 ± 0.022; k1=0.38164 ± 0.02; M_eq2=-0.40137 ± 0.059; k2=0.010588 ± 0.0014; n=0.96831 ± 0.12,0.9683133938911459,w1=0.699; w2=0.301,-0.0017,poorly_identifiable
37,0.0,desorption,HYP_SE,143.57453398915823,M_eq1=-2.3299 ± 0.062; k1=0.031724 ± 0.00091; M_eq2=-2.18 ± 0.063; k2=0.014105 ± 0.00037; n=0.71785 ± 0.014,0.7178498931019036,w1=0.517; w2=0.483,-0.0019,poorly_identifiable
38,10.0,sorption,HYP_SE,9.696332172919028,M_eq1=1.7622 ± 0.28; k1=0.081927 ± 0.0067; M_eq2=1.3195 ± 0.29; k2=0.24366 ± 0.0084; n=1.3821 ± 0.14,1.3821396173108786,w1=0.572; w2=0.428,0.0,components_not_interpretable
39,20.0,sorption,SE2,1.2371101348591083,M_eq1=0.14207 ± 0.048; k1=0.45533 ± 0.039; n1=1.7432 ± 0.56; M_eq2=1.276 ± 0.056; k2=0.056182 ± 0.0025; n2=0.65942 ± 0.03,n1=1.743; n2=0.6594,w1=0.100; w2=0.900,0.0012,poorly_identifiable
40,30.0,sorption,HYP_SE,2.531517506020691,M_eq1=0.35405 ± 0.11; k1=1.4324 ± 0.75; M_eq2=1.2537 ± 0.11; k2=0.03455 ± 0.0025; n=0.79054 ± 0.053,0.790536516930811,w1=0.220; w2=0.780,0.0011,poorly_identifiable; parameter_undetermined
41,40.0,sorption,SE2,30.096848141158148,M_eq1=0.83848 ± 0.03; k1=0.24553 ± 0.01; n1=1.0504 ± 0.023; M_eq2=1.5117 ± 0.031; k2=0.034792 ± 0.00045; n2=1.5662 ± 0.03,n1=1.05; n2=1.566,w1=0.357; w2=0.643,0.0011,poorly_identifiable
42,50.0,sorption,SE2,76.61867898461139,M_eq1=2.2243 ± 0.5; k1=0.23922 ± 0.0073; n1=1.5854 ± 0.1; M_eq2=1.0197 ± 0.51; k2=0.087657 ± 0.029; n2=1.3244 ± 0.37,n1=1.585; n2=1.324,w1=0.686; w2=0.314,0.0006,components_not_interpretable
43,60.0,sorption,SE2,77.07940030735608,M_eq1=3.1184 ± 1.3; k1=0.26171 ± 0.013; n1=1.4951 ± 0.22; M_eq2=1.8236 ± 1.3; k2=0.087285 ± 0.049; n2=1.1556 ± 0.45,n1=1.495; n2=1.156,w1=0.631; w2=0.369,0.0,components_not_interpretable; parameter_undetermined
44,70.0,sorption,SE2,144.51981835373374,M_eq1=6.6556 ± 0.046; k1=0.16617 ± 0.0023; n1=1.1195 ± 0.015; M_eq2=0.63031 ± 0.047; k2=0.026544 ± 0.00064; n2=4 ± 0.5,n1=1.119; n2=4,w1=0.913; w2=0.087,0.0,poorly_identifiable
45,80.0,sorption,SE2,220.31131841716842,M_eq1=5.9284 ± 0.96; k1=0.11171 ± 0.0018; n1=1.9879 ± 0.17; M_eq2=6.4489 ± 0.96; k2=0.041923 ± 0.0047; n2=1.2795 ± 0.12,n1=1.988; n2=1.279,w1=0.479; w2=0.521,-0.0008,components_not_interpretable
46,90.0,sorption,HYP_SE,242.57173521883897,M_eq1=-29.557 ± 3; k1=0.0068075 ± 0.00045; M_eq2=58.675 ± 2.9; k2=0.049332 ± 0.0025; n=0.69502 ± 0.017,0.695022780845756,w1=0.335; w2=0.665,0.0056,truncated; selection_provisional; components_not_interpretable
47,80.0,desorption,SE2,110.29460074381774,M_eq1=-17.178 ± 6.5; k1=0.063932 ± 0.0026; n1=1.7154 ± 0.13; M_eq2=-11.517 ± 6.5; k2=0.029128 ± 0.0088; n2=1.5383 ± 0.42,n1=1.715; n2=1.538,w1=0.599; w2=0.401,-0.0004,components_not_interpretable; parameter_undetermined
48,70.0,desorption,SE2,102.65737396376903,M_eq1=-8.4588 ± 1.9; k1=0.13235 ± 0.0028; n1=1.4455 ± 0.09; M_eq2=-3.8646 ± 1.9; k2=0.051781 ± 0.018; n2=1.1996 ± 0.28,n1=1.446; n2=1.2,w1=0.686; w2=0.314,-0.0012,components_not_interpretable; parameter_undetermined
49,60.0,desorption,SE2,48.82858011437975,M_eq1=-4.8819 ± 1.2; k1=0.20402 ± 0.0034; n1=1.4493 ± 0.12; M_eq2=-2.4286 ± 1.2; k2=0.077987 ± 0.028; n2=1.0967 ± 0.25,n1=1.449; n2=1.097,w1=0.668; w2=0.332,0.0,components_not_interpretable
50,50.0,desorption,SE2,17.876214501625668,M_eq1=-3.7306 ± 0.44; k1=0.22472 ± 0.003; n1=1.647 ± 0.11; M_eq2=-1.1591 ± 0.45; k2=0.06415 ± 0.022; n2=1.0447 ± 0.28,n1=1.647; n2=1.045,w1=0.763; w2=0.237,-0.0008,components_not_interpretable
51,40.0,desorption,HYP_SE,77.30279316234123,M_eq1=-1.4827 ± 0.09; k1=0.08643 ± 0.0039; M_eq2=-1.7906 ± 0.094; k2=0.33766 ± 0.0046; n=1.7372 ± 0.079,1.7371602647002868,w1=0.453; w2=0.547,-0.0012,components_not_interpretable
52,30.0,desorption,HYP_SE,38.58020406623291,M_eq1=-0.89518 ± 0.025; k1=0.085381 ± 0.0044; M_eq2=-1.0253 ± 0.03; k2=0.38356 ± 0.0065; n=1.6712 ± 0.061,1.6711964212808275,w1=0.466; w2=0.534,-0.0017,
53,20.0,desorption,HYP_SE,24.015748989594613,M_eq1=-1.0759 ± 0.0096; k1=0.29165 ± 0.011; M_eq2=-0.10124 ± 0.021; k2=0.016009 ± 0.0016; n=2.6386 ± 0.62,2.6386310804521917,w1=0.914; w2=0.086,-0.0019,
54,10.0,desorption,HYP_SE,66.81194699864386,M_eq1=-0.80223 ± 0.019; k1=0.55082 ± 0.022; M_eq2=-0.48154 ± 0.039; k2=0.013417 ± 0.00085; n=0.81123 ± 0.059,0.8112345116930345,w1=0.625; w2=0.375,-0.0016,poorly_identifiable
55,0.0,desorption,HYP_SE,146.36634604600977,M_eq1=-2.1649 ± 0.05; k1=0.038199 ± 0.00098; M_eq2=-2.3233 ± 0.052; k2=0.015286 ± 0.0003; n=0.72314 ± 0.012,0.7231351411955794,w1=0.482; w2=0.518,-0.0017,poorly_identifiable
